{
  "isAI": false,
  "predictions": [
    0.0011323721743958432, 0.0011323721846565604, 0.0011323721743958432,
    0.0011323721743958432, 0.0011323721743958432, 0.0011323721743958432,
    0.0011323721846565604, 0.0011323721846565604, 1, 0.0011323721743958432,
    0.0011323721846565604, 0.0011323721743958432, 0.0011323721743958432,
    0.0011323721743958432, 0.0011323721743958432, 1, 0.0011323721743958432,
    0.0011323721743958432, 0.0011323721743958432, 0.0011323721846565604, 1,
    0.0011323721743958432, 1, 0.0011323721846565604, 0.0011323721743958432,
    0.0011323721743958432, 0.0011323721743958432, 0.0011323721846565604, 1,
    0.0011323721846565604, 0.0011323721846565604, 0.0011323721743958432,
    0.0011323721846565604, 1, 1, 0.0011323721743958432, 0.0011323721846565604,
    0.0011323721743958432, 0.0011323721846565604, 0.0011323721846565604,
    0.0011323721743958432, 0.0011323721846565604, 0.0011323721743958432,
    0.0011323721846565604, 1
  ],
  "confidence": 0.001132372178555594,
  "similarity": 0.10585000000000003,
  "fqdn": "sn34"
}
